{"cameraMode":{"drawMode":0,"name":"Shaded","section":"Shading Mode"},"sceneLighting":true,"audioPlay":false,"sceneViewState":{"showFog":true,"showMaterialUpdate":true,"showSkybox":true,"showFlares":true,"showImageEffects":true,"showParticleSystems":true},"in2DMode":false,"pivot":{"x":754.4835815429688,"y":551.6716918945313,"z":-714.1332397460938},"rotation":{"x":-0.2788110375404358,"y":0.1623636782169342,"z":-0.047887954860925677,"w":-0.945310115814209},"size":32.92401885986328,"orthographic":false}